title,link,snippet,source
"Canoo: Electric Cars, Fleet, Pickup Trucks for Clean Energy",https://www.canoo.com/,Canoo is engineering electric vehicles and leading the automotive world's transition to clean and sustainable energy.,www.canoo.com
Press | Canoo | Electric Vehicles,https://www.press.canoo.com/,"Electric Vehicle-maker Canoo's up-to-date media center for the latest press releases, photos, videos, company information, and more.",www.press.canoo.com
"Electric Truck - Pickup for Function, Form and Utility | Canoo",https://www.canoo.com/pickup/,"The Electric Pickup Truck is built to be the new standard in EV automotive function, form and utility — ready for work and the weekend.",www.canoo.com
Investor Relations :: Canoo Inc. (GOEV),https://investors.canoo.com/,"Canoo has developed breakthrough electric vehicles that are reinventing the automotive landscape with bold innovations in design, pioneering technologies, ...",investors.canoo.com
Electric SUV for Work and Adventure | Canoo,https://www.canoo.com/canoo/,"The fully electric and highly versatile lifestyle vehicle provides an SUV-sized interior for fleet delivery, family vacations, and road trips.",www.canoo.com
Canoo | Electric Vehicles (@canoo) • Instagram photos and videos,https://www.instagram.com/canoo/?hl=en,Official Canoo EV Technologies account. Electric vehicles driven by technology and powered by innovation that puts you in charge. ... Photo by Canoo | Electric ...,www.instagram.com
Canoo (@canoo) / X,https://twitter.com/canoo?lang=en,Official Canoo Technologies account. Electric vehicles driven by technology and powered by innovation that puts you in charge.,twitter.com
"Canoo Inc. (GOEV) Stock Price, News, Quote & History - Yahoo ...",https://finance.yahoo.com/quote/GOEV/,"Find the latest Canoo Inc. (GOEV) stock quote, history, news and other vital information to help you with your stock trading and investing.",finance.yahoo.com
Canoo | LinkedIn,https://www.linkedin.com/company/canoo,"Nov 2, 2023 ... Canoo | 116674 followers on LinkedIn. Electric vehicles driven by technology and powered by innovation that puts you in charge.",www.linkedin.com
CANOO INC. ANNOUNCES FIRST QUARTER 2022 RESULTS ...,https://investors.canoo.com/news-presentations/press-releases/detail/82/canoo-inc-announces-first-quarter-2022-results,"May 10, 2022 ... Canoo's mission is to bring EVs to Everyone. The company has developed breakthrough electric vehicles that are reinventing the automotive ...",investors.canoo.com
